﻿<?xml version="1.0" encoding="utf-8"?>
<Project ToolsVersion="Current" xmlns="http://schemas.microsoft.com/developer/msbuild/2003">
  <PropertyGroup>
    <IncludeCompositeObjects>True</IncludeCompositeObjects>
    <TargetDatabaseName>CleanArchitectureDb</TargetDatabaseName>
    <DeployScriptFileName>CleanArchitectureDb.sql</DeployScriptFileName>
    <ProfileVersionNumber>1</ProfileVersionNumber>
    <TargetConnectionString>Data Source=.;Integrated Security=True;Persist Security Info=False;Pooling=False;Multiple Active Result Sets=False;Connect Timeout=60;Encrypt=True;Trust Server Certificate=True;Command Timeout=0</TargetConnectionString>
  </PropertyGroup>
  <ItemGroup>
    <SqlCmdVariable Include="DeployToDatabase">
      <Value>Local</Value>
    </SqlCmdVariable>
    <SqlCmdVariable Include="UserPassword">
      <Value>CHNWdJskkS@@1q$DZfla</Value>
    </SqlCmdVariable>
  </ItemGroup>
</Project>